Name,SALARY,POS,Starting,Team,Opponent,,Away,Home,Projecte Points,HR Forecasts,Pojected Points with HR Forecast,Secondary Name,qAB,HH%,AB,H,2B,3B,HR,BB,BA,OBP,OPS,BVP Points,BWAR,roba,WHIP,K,,,,,,17.22820339
Logan Webb,"9,300.00",P,YES,SF,NYM,#N/A,NYM,SF,17.8,8,13.8,L. Webb,,,,,,,,,,,,0,1,0.3,1.21,140,,,,,C,10.89259259
Bryan Woo,"10,500.00",P,YES,SEA,LAA,Sea,Sea,LAA,17.1,8,13.1,B. Woo,,,,,,,,,,,,0,1,0.3,0.94,115,,,,,1B,12.15
Nathan Eovaldi,"9,600.00",P,YES,TEX,ATL,#N/A,ATL,TEX,17,10,12,N. Eovaldi,,,,,,,,,,,,0,1,0.3,0.85,94,,,,,2B,11.35789474
Dean Kremer,"8,000.00",P,YES,BAL,COL,#N/A,COL,BAL,16.8,10,11.8,D. Kremer,,,,,,,,,,,,0,1,0.3,1.25,94,,,,,3b,11.50882353
MacKenzie Gore,"8,700.00",P,YES,WAS,MIN,WAS,WAS,MIN,15.9,10,10.9,M. Gore,,,,,,,,,,,,0,1,0.3,1.27,140,,,,,SS,11.61333333
Shota Imanaga,"9,900.00",P,YES,CHC,CWS,CHC,CHC,CWS,15.7,8,11.7,S. Imanaga,,,,,,,,,,,,0,1,0.3,0.92,53,,,,,OF,12.26315789
Nick Pivetta,"10,200.00",P,YES,SD,STL,SD,SD,STL,14.7,10,9.7,N. Pivetta,,,,,,,,,,,,0,1,0.3,1,127,,,,,,
Gavin Williams,"8,100.00",P,YES,CLE,KC,Cle,Cle,KC,14.4,8,10.4,G. Williams,,,,,,,,,,,,0,1,0.3,1.38,106,,,,,,
Zebby Matthews,"7,100.00",P,YES,MIN,WAS,#N/A,WAS,MIN,14.4,10,9.4,Z. Matthews,,,,,,,,,,,,0,1,0.3,1.61,31,,,,,,
Jose Soriano,"7,200.00",P,YES,LAA,SEA,#N/A,SEA,LAA,14.1,8,10.1,J. Soriano,,,,,,,,,,,,0,1,0.3,1.43,103,,,,,,
Jeffrey Springs,"6,900.00",P,YES,OAK,HOU,Oak,Oak,HOU,13.6,8,9.6,J. Springs,,,,,,,,,,,,0,1,0.3,1.22,90,,,,,,
Will Warren,"7,300.00",P,YES,NYY,PHI,#N/A,PHI,NYY,13.1,10,8.1,W. Warren,,,,,,,,,,,,0,1,0.3,1.44,117,,,,,,
Michael Wacha,"7,700.00",P,YES,KC,CLE,#N/A,CLE,KC,12.6,8,8.6,M. Wacha,,,,,,,,,,,,0,1,0.3,1.24,85,,,,,,
Ryan Gusto,"6,600.00",P,YES,HOU,OAK,#N/A,OAK,HOU,12.4,8,8.4,R. Gusto,,,,,,,,,,,,0,1,0.3,1.42,77,,,,,,
Shohei Ohtani,"6,500.00",1B/OF,YES,LAD,BOS,LAD,LAD,BOS,12.3,10,17.3,S. Ohtani,63%,38%,8,4,1,0,0,0,0.5,0.5,1.125,16.14,4.3,0.416,1,13,,,,,,
Aaron Judge,"6,400.00",OF,YES,NYY,PHI,#N/A,PHI,NYY,12.2,10,17.2,A. Judge,47%,0%,13,4,0,0,4,3,0.308,0.412,1.643,26.83,6.9,0.471,,,,,,,,
Clay Holmes,"7,500.00",P,YES,NYM,SF,NYM,NYM,SF,12.1,8,8.1,C. Holmes,,,,,,,,,,,,0,1,0.3,1.27,86,,,,,,
Jose Berrios,"7,400.00",P,YES,TOR,DET,Tor,Tor,DET,11.5,8,7.5,J. Berrios,,,,,,,,,,,,0,1,0.3,1.26,102,,,,,,
Zack Littell,"7,600.00",P,YES,TB,CIN,TB,TB,CIN,11.4,10,6.4,Z. Littell,,,,,,,,,,,,0,1,0.3,1.09,83,,,,,,
Adrian Houser,"8,500.00",P,YES,CWS,CHC,#N/A,CHC,CWS,11.2,8,7.2,A. Houser,,,,,,,,,,,,0,1,0.3,1.23,44,,,,,,
Brayan Bello,"7,800.00",P,YES,BOS,LAD,#N/A,LAD,BOS,11,10,6,B. Bello,,,,,,,,,,,,0,1,0.3,1.27,74,,,,,,
Emmet Sheehan,"6,400.00",P,YES,LAD,BOS,LAD,LAD,BOS,10.9,10,5.9,E. Sheehan,,,,,,,,,,,,0,1,0.3,1.35,16,,,,,,
Kyle Schwarber,"5,900.00",OF,YES,PHI,NYY,Phi,Phi,NYY,10.8,10,15.8,K. Schwarber,33%,0%,2,0,0,0,0,1,0,0.333,0.333,4,3.3,0.403,,,,,,,,
Jose Ramirez,"5,800.00",3B,YES,CLE,KC,Cle,Cle,KC,10.7,8,14.7,J. Ramirez,38%,31%,16,4,0,0,0,0,0.25,0.25,0.5,21.69,1,0.3,,,,,,,,
Elly De,"5,700.00",SS,YES,CIN,TB,#N/A,TB,CIN,10.5,10,15.5,E. De,,,,,,,,,,,,0,1,0.3,,,,,,,,
Pete Crow-Armstrong,"5,800.00",OF,YES,CHC,CWS,CHC,CHC,CWS,10.5,8,14.5,P. Crow-Armstrong,29%,0%,6,1,0,0,0,1,0.167,0.286,0.453,9.2,5.9,0.379,,,,,,,,
Kyle Tucker,"6,300.00",OF,YES,CHC,CWS,CHC,CHC,CWS,10.4,8,14.4,K. Tucker,50%,50%,2,1,0,0,0,0,0.5,0.5,1,6,4.2,0.391,,,,,,,,
Bryce Harper,"5,500.00",1B,YES,PHI,NYY,Phi,Phi,NYY,10.4,10,15.4,B. Harper,0%,0%,3,0,0,0,0,0,0,0,0,3,2.5,0.39,,,,,,,,
James Wood,"5,400.00",OF,YES,WAS,MIN,WAS,WAS,MIN,10.3,10,15.3,J. Wood,,,,,,,,,,,,0,4.2,0.386,,,,,,,,
Fernando Tatis,"5,000.00",OF,YES,SD,STL,SD,SD,STL,10.3,10,15.3,F. Tatis,33%,17%,11,3,0,0,0,1,0.273,0.333,0.606,16.71,1,0.3,,,,,,,,
Joey Wentz,"6,000.00",P,YES,ATL,TEX,Atl,Atl,TEX,10.3,10,5.3,J. Wentz,,,,,,,,,,,,0,1,0.3,1.61,36,,,,,,
Bobby Witt,"5,500.00",SS,YES,KC,CLE,#N/A,CLE,KC,10.2,8,14.2,B. Witt,57%,36%,13,2,0,1,0,1,0.154,0.214,0.522,18.82,1,0.3,,,,,,,,
Kyle Freeland,"5,500.00",P,YES,COL,BAL,Col,Col,BAL,10.1,10,5.1,K. Freeland,,,,,,,,,,,,0,1,0.3,1.53,70,,,,,,
Byron Buxton,"6,000.00",OF,YES,MIN,WAS,#N/A,WAS,MIN,10,10,15,B. Buxton,,,,,,,,,,,,0,3.9,0.403,,,,,,,,
Jazz Chisholm,"5,400.00",2B,YES,NYY,PHI,#N/A,PHI,NYY,9.9,10,14.9,J. Chisholm,60%,5%,15,7,3,0,0,5,0.467,0.6,1.267,32.98,1,0.3,,,,,,,,
Chandler Simpson,"4,600.00",OF,YES,TB,CIN,TB,TB,CIN,9.7,10,14.7,C. Simpson,,,,,,,,,,,,0,0.6,0.328,,,,,,,,
Cody Bellinger,"5,200.00",OF,YES,NYY,PHI,#N/A,PHI,NYY,9.7,10,14.7,C. Bellinger,36%,23%,21,5,0,0,1,1,0.238,0.273,0.654,29.76,3.2,0.359,,,,,,,,
Jordan Westburg,"4,600.00",2B/3B,YES,BAL,COL,#N/A,COL,BAL,9.5,10,14.5,J. Westburg,33%,33%,3,1,0,0,0,0,0.333,0.333,0.666,5.99,1.2,0.333,,,,,,,,
Jarren Duran,"4,200.00",OF,YES,BOS,LAD,#N/A,LAD,BOS,9.5,10,14.5,J. Duran,,,,,,,,,,,,0,2.6,0.339,,,,,,,,
Nick Martinez,"7,000.00",P,YES,CIN,TB,#N/A,TB,CIN,9.5,10,4.5,N. Martinez,,,,,,,,,,,,0,1,0.3,1.22,81,,,,,,
Ramon Laureano,"4,200.00",OF,YES,BAL,COL,#N/A,COL,BAL,9.4,10,14.4,R. Laureano,40%,0%,5,2,0,0,0,0,0.4,0.4,0.8,9,1,0.3,,,,,,,,
Vladimir Guerrero,"5,300.00",1B,YES,TOR,DET,Tor,Tor,DET,9.4,8,13.4,V. Guerrero,0%,0%,3,0,0,0,0,0,0,0,0,3,1,0.3,,,,,,,,
Freddie Freeman,"4,300.00",1B,YES,LAD,BOS,LAD,LAD,BOS,9.3,10,14.3,F. Freeman,67%,33%,2,1,0,0,0,1,0.5,0.667,1.167,7.33,1.7,0.366,,,,,,,,
George Springer,"4,900.00",OF,YES,TOR,DET,Tor,Tor,DET,9.3,8,13.3,G. Springer,100%,33%,3,3,1,0,2,0,1,1,4.333,16.66,2.1,0.385,,,,,,,,
Lawrence Butler,"4,200.00",OF,YES,OAK,HOU,Oak,Oak,HOU,9.3,8,13.3,L. Butler,,,,,,,,,,,,0,2,0.324,,,,,,,,
Nick Kurtz,"4,900.00",1B,YES,OAK,HOU,Oak,Oak,HOU,9.3,8,13.3,N. Kurtz,,,,,,,,,,,,0,2.6,0.409,,,,,,,,
Trea Turner,"5,600.00",SS,YES,PHI,NYY,Phi,Phi,NYY,9.3,10,14.3,T. Turner,0%,0%,3,0,0,0,0,0,0,0,0,3,3,0.352,,,,,,,,
CJ Abrams,"5,300.00",SS,YES,WAS,MIN,WAS,WAS,MIN,9.2,10,14.2,C. Abrams,,,,,,,,,,,,0,3.2,0.368,,,,,,,,
Ronald Acuna,"6,200.00",OF,YES,ATL,TEX,Atl,Atl,TEX,9.2,10,14.2,R. Acuna,25%,0%,7,2,0,0,1,0,0.286,0.375,1.089,12,1,0.3,,,,,,,,
Keider Montero,"6,200.00",P,YES,DET,TOR,#N/A,TOR,DET,9.2,8,5.2,K. Montero,,,,,,,,,,,,0,1,0.3,1.38,50,,,,,,
Miles Mikolas,"6,500.00",P,YES,STL,SD,#N/A,SD,STL,9.2,10,4.2,M. Mikolas,,,,,,,,,,,,0,1,0.3,1.3,69,,,,,,
Cal Raleigh,"6,100.00",C,EXP.,SEA,LAA,Sea,Sea,LAA,9.1,8,13.1,C. Raleigh,,,,,,,,,,,,0,1,0.3,,,,,,,,
Taijuan Walker,"6,700.00",P,YES,PHI,NYY,Phi,Phi,NYY,9,10,4,T. Walker,,,,,,,,,,,,0,1,0.3,1.38,53,,,,,,
Jose Altuve,"4,600.00",2B/OF,YES,HOU,OAK,#N/A,OAK,HOU,8.8,8,12.8,J. Altuve,,,,,,,,,,,,0,0.6,0.339,,,,,,,,
Manny Machado,"4,800.00",3B,YES,SD,STL,SD,SD,STL,8.8,10,13.8,M. Machado,50%,28%,17,4,1,0,2,1,0.235,0.278,0.925,27.22,2.9,0.364,,,,,,,,
Jackson Merrill,"4,300.00",OF,YES,SD,STL,SD,SD,STL,8.8,10,13.8,J. Merrill,75%,50%,4,2,1,0,0,0,0.5,0.5,1.25,10.5,1.6,0.32,,,,,,,,
Michael Busch,"5,600.00",1B,YES,CHC,CWS,CHC,CHC,CWS,8.7,8,12.7,M. Busch,75%,0%,3,2,1,0,0,1,0.667,0.75,1.75,10.92,3.6,0.399,,,,,,,,
Brent Rooker,"4,600.00",OF,YES,OAK,HOU,Oak,Oak,HOU,8.7,8,12.7,B. Rooker,,,,,,,,,,,,0,2,0.368,,,,,,,,
Salvador Perez,"4,000.00",1B/C,YES,KC,CLE,#N/A,CLE,KC,8.7,8,12.7,S. Perez,43%,29%,7,3,0,0,0,0,0.429,0.429,0.858,12.44,0.3,0.325,,,,,,,,
Julio Rodriguez,"4,500.00",OF,EXP.,SEA,LAA,Sea,Sea,LAA,8.7,8,12.7,J. Rodriguez,55%,0%,9,4,0,0,0,1,0.444,0.545,0.989,16.53,1,0.3,,,,,,,,
Yandy Diaz,"4,800.00",1B,YES,TB,CIN,TB,TB,CIN,8.6,10,13.6,Y. Diaz,33%,0%,3,0,0,0,0,0,0,0,0,3.33,1,0.3,,,,,,,,
Corey Seager,"5,000.00",SS,YES,TEX,ATL,#N/A,ATL,TEX,8.6,10,13.6,C. Seager,50%,25%,8,3,1,0,0,0,0.375,0.375,0.875,14.38,3.8,0.372,,,,,,,,
Cedric Mullins,"4,100.00",OF,YES,BAL,COL,#N/A,COL,BAL,8.5,10,13.5,C. Mullins,,,,,,,,,,,,0,-0.6,0.306,,,,,,,,
Will Smith,"5,000.00",C,YES,LAD,BOS,LAD,LAD,BOS,8.5,10,13.5,W. Smith,0%,0%,3,0,0,0,0,0,0,0,0,3,4.1,0.413,,,,,,,,
Wilyer Abreu,"4,300.00",OF,YES,BOS,LAD,#N/A,LAD,BOS,8.5,10,13.5,W. Abreu,,,,,,,,,,,,0,2.5,0.343,,,,,,,,
Junior Caminero,"4,900.00",3B,YES,TB,CIN,TB,TB,CIN,8.5,10,13.5,J. Caminero,,,,,,,,,,,,0,2.1,0.358,,,,,,,,
Seiya Suzuki,"5,100.00",OF,YES,CHC,CWS,CHC,CHC,CWS,8.5,8,12.5,S. Suzuki,50%,13%,8,4,1,0,0,0,0.5,0.5,1.125,15.76,2,0.362,,,,,,,,
Riley Greene,"5,000.00",OF,YES,DET,TOR,#N/A,TOR,DET,8.5,8,12.5,R. Greene,0%,0%,6,0,0,0,0,0,0,0,0,6,2.6,0.365,,,,,,,,
Adolis Garcia,"3,800.00",OF,YES,TEX,ATL,#N/A,ATL,TEX,8.5,10,13.5,A. Garcia,43%,29%,6,2,1,0,0,1,0.333,0.429,0.929,12.41,1,0.3,,,,,,,,
Roman Anthony,"4,000.00",OF,YES,BOS,LAD,#N/A,LAD,BOS,8.4,10,13.4,R. Anthony,,,,,,,,,,,,0,1.4,0.347,,,,,,,,
TJ Friedl,"4,000.00",OF,YES,CIN,TB,#N/A,TB,CIN,8.4,10,13.4,T. Friedl,67%,67%,3,1,0,0,0,0,0.333,0.333,0.666,6.67,2.3,0.348,,,,,,,,
Steven Kwan,"4,400.00",OF,YES,CLE,KC,Cle,Cle,KC,8.4,8,12.4,S. Kwan,38%,15%,13,3,1,0,0,0,0.231,0.231,0.539,18.53,3.3,0.338,,,,,,,,
Spencer Torkelson,"4,200.00",1B,YES,DET,TOR,#N/A,TOR,DET,8.3,8,12.3,S. Torkelson,67%,33%,3,1,0,0,0,0,0.333,0.333,0.666,6.33,1.5,0.349,,,,,,,,
Giancarlo Stanton,"4,000.00",OF,YES,NYY,PHI,#N/A,PHI,NYY,8.3,10,13.3,G. Stanton,42%,17%,12,4,1,0,1,0,0.333,0.333,1,20.26,0.6,0.372,,,,,,,,
Trent Grisham,"4,200.00",OF,YES,NYY,PHI,#N/A,PHI,NYY,8.3,10,13.3,T. Grisham,71%,29%,7,3,0,0,0,0,0.429,0.429,0.858,12.72,3,0.379,,,,,,,,
Bryson Stott,"4,400.00",2B,YES,PHI,NYY,Phi,Phi,NYY,8.3,10,13.3,B. Stott,50%,0%,1,0,0,0,0,1,0,0.5,0.5,3.5,0.4,0.297,,,,,,,,
Rafael Devers,"4,700.00",1B/3B,EXP.,SF,NYM,#N/A,NYM,SF,8.3,8,12.3,R. Devers,50%,0%,5,1,0,0,0,1,0.2,0.333,0.533,8.57,2.5,0.372,,,,,,,,
Jackson Holliday,"3,900.00",2B,YES,BAL,COL,#N/A,COL,BAL,8.2,10,13.2,J. Holliday,,,,,,,,,,,,0,0.9,0.319,,,,,,,,
Bo Bichette,"4,600.00",SS,YES,TOR,DET,Tor,Tor,DET,8.2,8,12.2,B. Bichette,,,,,,,,,,,,0,1.8,0.333,,,,,,,,
Randy Arozarena,"4,400.00",OF,EXP.,SEA,LAA,Sea,Sea,LAA,8.2,8,12.2,R. Arozarena,57%,14%,6,1,0,0,0,1,0.167,0.286,0.453,9.62,3.6,0.364,,,,,,,,
Zach Neto,"4,800.00",SS,YES,LAA,SEA,#N/A,SEA,LAA,8.2,8,12.2,Z. Neto,38%,23%,13,3,0,0,0,0,0.231,0.231,0.462,17.53,3.3,0.347,,,,,,,,
Ryan Jeffers,"4,000.00",C,YES,MIN,WAS,#N/A,WAS,MIN,8.2,10,13.2,R. Jeffers,,,,,,,,,,,,0,0.6,0.33,,,,,,,,
Luis Arraez,"3,800.00",1B,YES,SD,STL,SD,SD,STL,8.2,10,13.2,L. Arraez,78%,33%,9,4,0,0,0,0,0.444,0.444,0.888,15.89,1,0.3,,,,,,,,
Alex Bregman,"4,500.00",3B,YES,BOS,LAD,#N/A,LAD,BOS,8.1,10,13.1,A. Bregman,67%,0%,1,0,0,0,0,2,0,0.667,0.667,5,2.8,0.384,,,,,,,,
Jonathan Aranda,"4,500.00",1B,YES,TB,CIN,TB,TB,CIN,8.1,10,13.1,J. Aranda,,,,,,,,,,,,0,3.3,0.378,,,,,,,,
Matt McLain,"4,200.00",2B,YES,CIN,TB,#N/A,TB,CIN,8.1,10,13.1,M. McLain,,,,,,,,,,,,0,0.6,0.306,,,,,,,,
Addison Barger,"4,200.00",3B/OF,YES,TOR,DET,Tor,Tor,DET,8.1,8,12.1,A. Barger,,,,,,,,,,,,0,1.9,0.353,,,,,,,,
J.T. Realmuto,"3,600.00",C,YES,PHI,NYY,Phi,Phi,NYY,8.1,10,13.1,J. Realmuto,100%,50%,2,2,0,0,0,0,1,1,2,9.5,1.4,0.319,,,,,,,,
Juan Soto,"5,700.00",OF,EXP.,NYM,SF,NYM,NYM,SF,8.1,8,12.1,J. Soto,41%,29%,15,3,0,1,0,1,0.2,0.235,0.568,21.7,4.1,0.396,,,,,,,,
Mickey Moniak,"3,800.00",OF,YES,COL,BAL,Col,Col,BAL,8,10,13,M. Moniak,29%,0%,7,2,0,0,1,0,0.286,0.286,1,11.86,0.4,0.367,,,,,,,,
Teoscar Hernandez,"4,200.00",OF,YES,LAD,BOS,LAD,LAD,BOS,8,10,13,T. Hernandez,25%,25%,12,3,1,0,0,0,0.25,0.25,0.583,17.58,1,0.3,,,,,,,,
Josh Lowe,"4,800.00",OF,YES,TB,CIN,TB,TB,CIN,8,10,13,J. Lowe,100%,0%,1,1,0,0,0,0,1,1,2,7,0.8,0.308,,,,,,,,
Ian Happ,"4,600.00",OF,YES,CHC,CWS,CHC,CHC,CWS,8,8,12,I. Happ,57%,19%,14,4,2,0,0,7,0.286,0.524,0.953,29.52,1,0.3,,,,,,,,
Nathaniel Lowe,"3,800.00",1B,YES,WAS,MIN,WAS,WAS,MIN,8,10,13,N. Lowe,,,,,,,,,,,,0,-0.1,0.303,,,,,,,,
Tyler O'Neill,"3,300.00",OF,YES,BAL,COL,#N/A,COL,BAL,7.9,10,12.9,T. O'Neill,40%,10%,10,4,1,0,0,0,0.4,0.4,0.9,17.2,-0.3,0.27,,,,,,,,
Christian Walker,"3,200.00",1B,YES,HOU,OAK,#N/A,OAK,HOU,7.9,8,11.9,C. Walker,,,,,,,,,,,,0,-0.6,0.298,,,,,,,,
Cam Smith,"3,500.00",OF,YES,HOU,OAK,#N/A,OAK,HOU,7.9,8,11.9,C. Smith,,,,,,,,,,,,0,2,0.323,,,,,,,,
Jacob Wilson,"3,800.00",SS,YES,OAK,HOU,Oak,Oak,HOU,7.9,8,11.9,J. Wilson,,,,,,,,,,,,0,2,0.356,,,,,,,,
Nick Castellanos,"4,500.00",OF,YES,PHI,NYY,Phi,Phi,NYY,7.9,10,12.9,N. Castellanos,100%,100%,2,0,0,0,0,0,0,0,0,4,-0.4,0.33,,,,,,,,
Francisco Lindor,"5,100.00",SS,EXP.,NYM,SF,NYM,NYM,SF,7.9,8,11.9,F. Lindor,20%,7%,14,3,1,0,0,0,0.214,0.2,0.486,19.17,1,0.3,,,,,,,,
Matt Olson,"5,200.00",1B,YES,ATL,TEX,Atl,Atl,TEX,7.9,10,12.9,M. Olson,38%,8%,11,2,1,0,0,1,0.182,0.231,0.504,16.38,4,0.368,,,,,,,,
Ramon Urias,"3,100.00",3B,YES,BAL,COL,#N/A,COL,BAL,7.8,10,12.8,R. Urias,,,,,,,,,,,,0,1,0.3,,,,,,,,
Ceddanne Rafaela,"4,200.00",2B/OF,YES,BOS,LAD,#N/A,LAD,BOS,7.8,10,12.8,C. Rafaela,,,,,,,,,,,,0,4.1,0.339,,,,,,,,
Nathan Lukes,"3,500.00",OF,YES,TOR,DET,Tor,Tor,DET,7.8,8,11.8,N. Lukes,,,,,,,,,,,,0,1.2,0.328,,,,,,,,
Victor Scott,"3,200.00",OF,YES,STL,SD,#N/A,SD,STL,7.8,10,12.8,V. Scott,,,,,,,,,,,,0,1,0.3,,,,,,,,
Marcus Semien,"4,100.00",2B,YES,TEX,ATL,#N/A,ATL,TEX,7.8,10,12.8,M. Semien,88%,38%,7,2,2,0,0,1,0.286,0.375,0.946,14.87,2.6,0.303,,,,,,,,
Colton Cowser,"4,300.00",OF,YES,BAL,COL,#N/A,COL,BAL,7.7,10,12.7,C. Cowser,,,,,,,,,,,,0,1.1,0.305,,,,,,,,
Andy Pages,"4,000.00",OF,YES,LAD,BOS,LAD,LAD,BOS,7.7,10,12.7,A. Pages,33%,33%,2,0,0,0,0,0,0,0,0,2.66,3.2,0.35,,,,,,,,
Spencer Steer,"3,500.00",1B,YES,CIN,TB,#N/A,TB,CIN,7.7,10,12.7,S. Steer,33%,33%,3,1,0,0,0,0,0.333,0.333,0.666,5.99,0.1,0.31,,,,,,,,
Shea Langeliers,"3,800.00",C,YES,OAK,HOU,Oak,Oak,HOU,7.7,8,11.7,S. Langeliers,,,,,,,,,,,,0,0.5,0.32,,,,,,,,
Vinnie Pasquantino,"3,900.00",1B,YES,KC,CLE,#N/A,CLE,KC,7.7,8,11.7,V. Pasquantino,0%,0%,2,0,0,0,0,0,0,0,0,2,1.6,0.337,,,,,,,,
Carlos Correa,"3,400.00",SS,YES,MIN,WAS,#N/A,WAS,MIN,7.7,10,12.7,C. Correa,,,,,,,,,,,,0,0.1,0.309,,,,,,,,
Paul Goldschmidt,"3,700.00",1B,YES,NYY,PHI,#N/A,PHI,NYY,7.7,10,12.7,P. Goldschmidt,38%,23%,13,5,3,0,1,0,0.385,0.385,1.231,24.61,1.7,0.34,,,,,,,,
Brendan Donovan,"4,000.00",2B,YES,STL,SD,#N/A,SD,STL,7.7,10,12.7,B. Donovan,40%,20%,5,0,0,0,0,0,0,0,0,5.6,2.5,0.349,,,,,,,,
Kyle Manzardo,"3,400.00",1B,YES,CLE,KC,Cle,Cle,KC,7.6,8,11.6,K. Manzardo,0%,0%,2,0,0,0,0,0,0,0,0,2,0.3,0.321,,,,,,,,
Harrison Bader,"3,300.00",OF,YES,MIN,WAS,#N/A,WAS,MIN,7.6,10,12.6,H. Bader,33%,11%,8,2,0,0,0,0,0.25,0.222,0.472,11.38,2.4,0.337,,,,,,,,
Anthony Volpe,"3,400.00",SS,YES,NYY,PHI,#N/A,PHI,NYY,7.6,10,12.6,A. Volpe,0%,0%,2,0,0,0,0,0,0,0,0,2,1.3,0.294,,,,,,,,
Brandon Nimmo,"4,600.00",OF,EXP.,NYM,SF,NYM,NYM,SF,7.6,8,11.6,B. Nimmo,24%,10%,17,1,0,0,1,2,0.059,0.2,0.435,22.03,2.8,0.353,,,,,,,,
Sam Haggerty,"4,100.00",OF,YES,TEX,ATL,#N/A,ATL,TEX,7.6,10,12.6,S. Haggerty,,,,,,,,,,,,0,1,0.3,,,,,,,,
Tyler Freeman,"4,300.00",OF,YES,COL,BAL,Col,Col,BAL,7.5,10,12.5,T. Freeman,,,,,,,,,,,,0,-0.1,0.371,,,,,,,,
Hunter Goodman,"4,600.00",C,YES,COL,BAL,Col,Col,BAL,7.5,10,12.5,H. Goodman,,,,,,,,,,,,0,1.8,0.363,,,,,,,,
Noelvi Marte,"4,300.00",3B,YES,CIN,TB,#N/A,TB,CIN,7.5,10,12.5,N. Marte,50%,0%,1,1,0,0,0,0,1,1,2,6.5,1,0.3,,,,,,,,
Tyler Soderstrom,"4,100.00",OF,YES,OAK,HOU,Oak,Oak,HOU,7.5,8,11.5,T. Soderstrom,,,,,,,,,,,,0,1.5,0.335,,,,,,,,
Maikel Garcia,"4,400.00",3B/SS,YES,KC,CLE,#N/A,CLE,KC,7.5,8,11.5,M. Garcia,17%,0%,11,1,1,0,0,1,0.091,0.167,0.349,14.78,2.8,0.339,,,,,,,,
Angel Martinez,"3,300.00",OF,YES,CLE,KC,Cle,Cle,KC,7.5,8,11.5,A. Martinez,,,,,,,,,,,,0,1,0.3,,,,,,,,
Jorge Polanco,"3,400.00",2B,EXP.,SEA,LAA,Sea,Sea,LAA,7.5,8,11.5,J. Polanco,50%,50%,6,0,0,0,0,0,0,0,0,7,1,0.3,,,,,,,,
Willi Castro,"4,100.00",2B/OF,YES,MIN,WAS,#N/A,WAS,MIN,7.5,10,12.5,W. Castro,0%,0%,1,0,0,0,0,0,0,0,0,1,1,0.3,,,,,,,,
Alec Burleson,"3,800.00",OF,YES,STL,SD,#N/A,SD,STL,7.5,10,12.5,A. Burleson,0%,0%,2,0,0,0,0,0,0,0,0,2,1.3,0.354,,,,,,,,
Austin Hays,"4,600.00",OF,YES,CIN,TB,#N/A,TB,CIN,7.4,10,12.4,A. Hays,83%,33%,6,3,0,0,0,0,0.5,0.5,1,12.16,1.2,0.361,,,,,,,,
Gavin Lux,"3,100.00",OF,YES,CIN,TB,#N/A,TB,CIN,7.4,10,12.4,G. Lux,100%,0%,2,1,0,0,0,0,0.5,0.5,1,6,0.2,0.333,,,,,,,,
Wenceel Perez,"4,300.00",OF,YES,DET,TOR,#N/A,TOR,DET,7.4,8,11.4,W. Perez,33%,33%,3,0,0,0,0,0,0,0,0,3.66,1,0.3,,,,,,,,
Yainer Diaz,"3,200.00",C,YES,HOU,OAK,#N/A,OAK,HOU,7.4,8,11.4,Y. Diaz,33%,0%,3,0,0,0,0,0,0,0,0,3.33,1.1,0.299,,,,,,,,
J.P. Crawford,"3,200.00",SS,EXP.,SEA,LAA,Sea,Sea,LAA,7.4,8,11.4,J. Crawford,64%,36%,10,4,2,0,0,1,0.4,0.455,1.055,19.91,3.1,0.337,,,,,,,,
Xander Bogaerts,"4,000.00",SS,YES,SD,STL,SD,SD,STL,7.4,10,12.4,X. Bogaerts,22%,11%,9,1,1,0,0,0,0.111,0.111,0.333,11.89,1.8,0.326,,,,,,,,
Gavin Sheets,"3,500.00",OF,YES,SD,STL,SD,SD,STL,7.4,10,12.4,G. Sheets,0%,0%,3,0,0,0,0,0,0,0,0,3,0.5,0.325,,,,,,,,
Ivan Herrera,"4,500.00",C,YES,STL,SD,#N/A,SD,STL,7.4,10,12.4,I. Herrera,0%,0%,3,0,0,0,0,0,0,0,0,3,1,0.3,,,,,,,,
Austin Riley,"4,200.00",3B,YES,ATL,TEX,Atl,Atl,TEX,7.4,10,12.4,A. Riley,33%,0%,8,2,1,0,0,1,0.25,0.333,0.708,13.62,1.7,0.335,,,,,,,,
Gleyber Torres,"4,500.00",2B,YES,DET,TOR,#N/A,TOR,DET,7.3,8,11.3,G. Torres,40%,10%,29,8,1,0,1,1,0.276,0.3,0.714,41.79,2.1,0.361,,,,,,,,
Josh Bell,"3,200.00",1B,YES,WAS,MIN,WAS,WAS,MIN,7.3,10,12.3,J. Bell,,,,,,,,,,,,0,1,0.3,,,,,,,,
Austin Wells,"3,500.00",C,YES,NYY,PHI,#N/A,PHI,NYY,7.3,10,12.3,A. Wells,,,,,,,,,,,,0,0.4,0.302,,,,,,,,
Willson Contreras,"4,200.00",1B,YES,STL,SD,#N/A,SD,STL,7.3,10,12.3,W. Contreras,67%,67%,3,2,0,0,0,0,0.667,0.667,1.334,9.01,2,0.349,,,,,,,,
Jurickson Profar,"3,400.00",OF,YES,ATL,TEX,Atl,Atl,TEX,7.3,10,12.3,J. Profar,60%,20%,5,1,0,0,0,0,0.2,0.2,0.4,7.6,1,0.3,,,,,,,,
Josh Smith,"3,700.00",3B,YES,TEX,ATL,#N/A,ATL,TEX,7.3,10,12.3,J. Smith,,,,,,,,,,,,0,2.4,0.345,,,,,,,,
Trevor Story,"3,700.00",SS,YES,BOS,LAD,#N/A,LAD,BOS,7.2,10,12.2,T. Story,,,,,,,,,,,,0,2.1,0.314,,,,,,,,
Dansby Swanson,"4,100.00",SS,YES,CHC,CWS,CHC,CHC,CWS,7.2,8,11.2,D. Swanson,29%,14%,13,2,0,0,0,1,0.154,0.214,0.368,17.17,2.7,0.322,,,,,,,,
Mike Trout,"4,700.00",OF,YES,LAA,SEA,#N/A,SEA,LAA,7.2,8,11.2,M. Trout,0%,0%,2,0,0,0,0,0,0,0,0,2,1.1,0.354,,,,,,,,
Josh Jung,"3,500.00",3B,YES,TEX,ATL,#N/A,ATL,TEX,7.2,10,12.2,J. Jung,,,,,,,,,,,,0,0.5,0.295,,,,,,,,
Alejandro Kirk,"3,900.00",C,YES,TOR,DET,Tor,Tor,DET,7.1,8,11.1,A. Kirk,,,,,,,,,,,,0,1.7,0.339,,,,,,,,
Luis Garcia,"3,700.00",2B,YES,WAS,MIN,WAS,WAS,MIN,7.1,10,12.1,L. Garcia,,,,,,,,,,,,0,1,0.3,1.59,29,,,,,,
Pete Alonso,"5,000.00",1B,EXP.,NYM,SF,NYM,NYM,SF,7.1,8,11.1,P. Alonso,28%,11%,16,2,0,0,1,2,0.125,0.222,0.535,22.27,2.8,0.377,,,,,,,,
Wyatt Langford,"4,200.00",OF,YES,TEX,ATL,#N/A,ATL,TEX,7.1,10,12.1,W. Langford,0%,0%,2,0,0,0,0,0,0,0,0,2,2.7,0.323,,,,,,,,
Masataka Yoshida,"3,000.00",OF,YES,BOS,LAD,#N/A,LAD,BOS,7,10,12,M. Yoshida,,,,,,,,,,,,0,-0.2,0.263,,,,,,,,
Nico Hoerner,"3,800.00",2B,YES,CHC,CWS,CHC,CHC,CWS,7,8,11,N. Hoerner,30%,20%,10,1,0,0,0,0,0.1,0.1,0.2,11.9,4,0.329,,,,,,,,
Ernie Clement,"3,400.00",2B/3B,YES,TOR,DET,Tor,Tor,DET,7,8,11,E. Clement,100%,100%,2,1,0,0,0,0,0.5,0.5,1,7,2.5,0.306,,,,,,,,
Colt Keith,"3,400.00",2B/3B,YES,DET,TOR,#N/A,TOR,DET,7,8,11,C. Keith,0%,0%,3,0,0,0,0,0,0,0,0,3,1,0.33,,,,,,,,
Jonathan India,"3,200.00",2B,YES,KC,CLE,#N/A,CLE,KC,7,8,11,J. India,,,,,,,,,,,,0,-0.3,0.294,,,,,,,,
Max Kepler,"3,500.00",OF,YES,PHI,NYY,Phi,Phi,NYY,7,10,12,M. Kepler,,,,,,,,,,,,0,-0.3,0.295,,,,,,,,
Matt Chapman,"3,900.00",3B,EXP.,SF,NYM,#N/A,NYM,SF,7,8,11,M. Chapman,55%,36%,10,3,0,0,0,1,0.3,0.364,0.664,16.24,3.3,0.352,,,,,,,,
Jake Cronenworth,"3,800.00",1B/2B,YES,SD,STL,SD,SD,STL,7,10,12,J. Cronenworth,56%,33%,7,1,0,0,0,2,0.143,0.333,0.476,11.84,0.9,0.333,,,,,,,,
Ozzie Albies,"3,500.00",2B,YES,ATL,TEX,Atl,Atl,TEX,7,10,12,O. Albies,25%,25%,8,0,0,0,0,0,0,0,0,8.5,1,0.3,,,,,,,,
Michael Helman,"2,700.00",OF,YES,TEX,ATL,#N/A,ATL,TEX,7,10,12,M. Helman,,,,,,,,,,,,0,0.1,0.332,,,,,,,,
Tyler Stephenson,"3,200.00",C,YES,CIN,TB,#N/A,TB,CIN,6.9,10,11.9,T. Stephenson,25%,0%,4,1,0,0,0,0,0.25,0.25,0.5,6.25,0.8,0.315,,,,,,,,
Will Benson,"3,500.00",OF,YES,CIN,TB,#N/A,TB,CIN,6.9,10,11.9,W. Benson,,,,,,,,,,,,0,0,0.289,,,,,,,,
Dominic Canzone,"3,300.00",OF,EXP.,SEA,LAA,Sea,Sea,LAA,6.9,8,10.9,D. Canzone,20%,20%,5,0,0,0,0,0,0,0,0,5.4,0.8,0.361,,,,,,,,
Brady House,"3,300.00",3B,YES,WAS,MIN,WAS,WAS,MIN,6.9,10,11.9,B. House,,,,,,,,,,,,0,0.1,0.304,,,,,,,,
Ty France,"3,600.00",1B,YES,MIN,WAS,#N/A,WAS,MIN,6.9,10,11.9,T. France,33%,33%,3,1,0,0,0,0,0.333,0.333,0.666,5.99,0.4,0.307,,,,,,,,
Royce Lewis,"3,000.00",3B,YES,MIN,WAS,#N/A,WAS,MIN,6.9,10,11.9,R. Lewis,,,,,,,,,,,,0,0.5,0.31,,,,,,,,
Willy Adames,"4,200.00",SS,EXP.,SF,NYM,#N/A,NYM,SF,6.9,8,10.9,W. Adames,100%,50%,1,1,1,0,0,1,1,1,3,10.5,1.3,0.317,,,,,,,,
Jung Hoo,"3,700.00",OF,EXP.,SF,NYM,#N/A,NYM,SF,6.9,8,10.9,J. Hoo,,,,,,,,,,,,0,1,0.3,,,,,,,,
Ezequiel Tovar,"3,000.00",SS,YES,COL,BAL,Col,Col,BAL,6.8,10,11.8,E. Tovar,0%,0%,2,0,0,0,0,0,0,0,0,2,0.8,0.325,,,,,,,,
Jordan Beck,"4,000.00",OF,YES,COL,BAL,Col,Col,BAL,6.8,10,11.8,J. Beck,50%,0%,2,0,0,0,0,0,0,0,0,2.5,0.9,0.347,,,,,,,,
Austin Slater,"3,100.00",OF,YES,CWS,CHC,#N/A,CHC,CWS,6.8,8,10.8,A. Slater,33%,0%,3,1,0,0,0,0,0.333,0.333,0.666,5.66,0.3,0.318,,,,,,,,
Chase Meidroth,"3,300.00",2B/SS,YES,CWS,CHC,#N/A,CHC,CWS,6.8,8,10.8,C. Meidroth,,,,,,,,,,,,0,0.9,0.3,,,,,,,,
Zach McKinstry,"4,100.00",3B/OF,YES,DET,TOR,#N/A,TOR,DET,6.8,8,10.8,Z. McKinstry,0%,0%,2,0,0,0,0,0,0,0,0,2,2.4,0.355,,,,,,,,
Otto Kemp,"3,200.00",3B/OF,YES,PHI,NYY,Phi,Phi,NYY,6.8,10,11.8,O. Kemp,,,,,,,,,,,,0,0.2,0.314,,,,,,,,
Michael Harris,"2,900.00",OF,YES,ATL,TEX,Atl,Atl,TEX,6.8,10,11.8,M. Harris,50%,17%,6,2,0,0,0,0,0.333,0.333,0.666,10,1,0.3,,,,,,,,
Abraham Toro,"2,700.00",1B,YES,BOS,LAD,#N/A,LAD,BOS,6.7,10,11.7,A. Toro,,,,,,,,,,,,0,1,0.3,,,,,,,,
Hyeseong Kim,"3,900.00",2B,YES,LAD,BOS,LAD,LAD,BOS,6.7,10,11.7,H. Kim,0%,0%,2,0,0,0,0,0,0,0,0,2,1.8,0.378,,,,,,,,
Christopher Morel,"3,700.00",OF,YES,TB,CIN,TB,TB,CIN,6.7,10,11.7,C. Morel,,,,,,,,,,,,0,-0.2,0.309,,,,,,,,
Jose Caballero,"4,300.00",2B/SS,YES,TB,CIN,TB,TB,CIN,6.7,10,11.7,J. Caballero,,,,,,,,,,,,0,1,0.3,,,,,,,,
Carlos Santana,"3,100.00",1B,YES,CLE,KC,Cle,Cle,KC,6.7,8,10.7,C. Santana,43%,7%,11,1,1,0,0,2,0.091,0.214,0.396,16.2,1,0.3,,,,,,,,
Jo Adell,"3,800.00",OF,YES,LAA,SEA,#N/A,SEA,LAA,6.7,8,10.7,J. Adell,100%,25%,3,3,0,0,2,1,1,1,4,16.25,0.4,0.337,,,,,,,,
Nolan Schanuel,"3,700.00",1B,YES,LAA,SEA,#N/A,SEA,LAA,6.7,8,10.7,N. Schanuel,56%,33%,8,3,0,0,0,0,0.375,0.444,0.819,13.53,1.7,0.341,,,,,,,,
Daylen Lile,"3,000.00",OF,YES,WAS,MIN,WAS,WAS,MIN,6.7,10,11.7,D. Lile,,,,,,,,,,,,0,-0.8,0.288,,,,,,,,
Heliot Ramos,"4,000.00",OF,EXP.,SF,NYM,#N/A,NYM,SF,6.7,8,10.7,H. Ramos,0%,0%,1,0,0,0,0,0,0,0,0,1,1,0.334,,,,,,,,
Michael Conforto,"3,000.00",OF,YES,LAD,BOS,LAD,LAD,BOS,6.6,10,11.6,M. Conforto,,,,,,,,,,,,0,-0.7,0.283,,,,,,,,
Tommy Edman,"3,600.00",2B/3B,YES,LAD,BOS,LAD,LAD,BOS,6.6,10,11.6,T. Edman,,,,,,,,,,,,0,1,0.3,,,,,,,,
Mike Tauchman,"3,500.00",OF,YES,CWS,CHC,#N/A,CHC,CWS,6.6,8,10.6,M. Tauchman,,,,,,,,,,,,0,1.3,0.364,,,,,,,,
Victor Caratini,"3,400.00",1B/C,YES,HOU,OAK,#N/A,OAK,HOU,6.6,8,10.6,V. Caratini,,,,,,,,,,,,0,1,0.3,,,,,,,,
Mike Yastrzemski,"3,400.00",OF,EXP.,SF,NYM,#N/A,NYM,SF,6.6,8,10.6,M. Yastrzemski,25%,25%,4,1,1,0,0,0,0.25,0.25,0.75,7.75,2.3,0.322,,,,,,,,
Jeff McNeil,"3,500.00",2B/OF,EXP.,NYM,SF,NYM,NYM,SF,6.6,8,10.6,J. McNeil,38%,6%,15,4,2,0,0,1,0.267,0.313,0.713,23.73,1.6,0.356,,,,,,,,
Drake Baldwin,"4,400.00",C,YES,ATL,TEX,Atl,Atl,TEX,6.6,10,11.6,D. Baldwin,,,,,,,,,,,,0,2.3,0.371,,,,,,,,
Coby Mayo,"2,800.00",1B,YES,BAL,COL,#N/A,COL,BAL,6.5,10,11.5,C. Mayo,,,,,,,,,,,,0,-0.6,0.265,,,,,,,,
Parker Meadows,"2,800.00",OF,YES,DET,TOR,#N/A,TOR,DET,6.5,8,10.5,P. Meadows,,,,,,,,,,,,0,-0.3,0.248,,,,,,,,
Will Wagner,"2,600.00",1B/3B,YES,TOR,DET,Tor,Tor,DET,6.5,8,10.5,W. Wagner,,,,,,,,,,,,0,0,0.329,,,,,,,,
Mauricio Dubon,"2,800.00",3B/SS,YES,HOU,OAK,#N/A,OAK,HOU,6.5,8,10.5,M. Dubon,,,,,,,,,,,,0,1,0.3,,,,,,,,
Daniel Schneemann,"2,900.00",2B/3B,YES,CLE,KC,Cle,Cle,KC,6.5,8,10.5,D. Schneemann,33%,33%,5,1,0,0,0,0,0.2,0.167,0.367,7.39,1.1,0.31,,,,,,,,
Brooks Lee,"2,900.00",2B/SS,YES,MIN,WAS,#N/A,WAS,MIN,6.5,10,11.5,B. Lee,,,,,,,,,,,,0,1,0.3,,,,,,,,
Jacob Young,"2,400.00",OF,YES,WAS,MIN,WAS,WAS,MIN,6.5,10,11.5,J. Young,,,,,,,,,,,,0,1.1,0.276,,,,,,,,
